Time,Humidity,Air temperature,Cloud coverage,Solar radiation
2024-05-01 00:00:00,69,9.8000002,0,0
2024-05-01 01:00:00,55,10.1,0,0
2024-05-01 02:00:00,55,10.4,0,0
2024-05-01 03:00:00,54,11.75,0,0
2024-05-01 04:00:00,56,11.6,0,0
2024-05-01 05:00:00,54,12,0,0
2024-05-01 06:00:00,63,11.5,0,31.92794
2024-05-01 07:00:00,63,11.2,0,72.567207
2024-05-01 08:00:00,63,12.05,0,157.5164
2024-05-01 09:00:00,47,14.3,0,277.8746
2024-05-01 10:00:00,42,17.25,0,518.27448
2024-05-01 11:00:00,43,18,0,428.36069
2024-05-01 12:00:00,40,17.95,0,321.5542
2024-05-01 13:00:00,46,16.8,0,100.0192
2024-05-01 14:00:00,89,13.95,0,58.767681
2024-05-01 15:00:00,87,12.4,0,99.968674
2024-05-01 16:00:00,64,14.1,0,296.29779
2024-05-01 17:00:00,55,15.95,0,283.13901
2024-05-01 18:00:00,56,16.450001,0,141.6696
2024-05-01 19:00:00,57,15.7,0,72.162781
2024-05-01 20:00:00,66,14.2,0,19.73564
2024-05-01 21:00:00,67,12.7,0,0
2024-05-01 22:00:00,72,11.55,0,0
2024-05-01 23:00:00,73,10.8,0,0
2024-05-02 00:00:00,73,10.45,0,0
2024-05-02 01:00:00,72,10.05,0,0
2024-05-02 02:00:00,66,10.75,0,0
2024-05-02 03:00:00,66,11.95,0,0
2024-05-02 04:00:00,70,10.85,0,0
2024-05-02 05:00:00,73,10.1,0,0
2024-05-02 06:00:00,73,10.05,0,26.86945
2024-05-02 07:00:00,58,11.7,0,103.1357
2024-05-02 08:00:00,53,14.1,0,271.31339
2024-05-02 09:00:00,46,16.35,0,401.15302
2024-05-02 10:00:00,44,18.05,0,511.58539
2024-05-02 11:00:00,45,18.55,0,603.93848
2024-05-02 12:00:00,42,19,0,665.453
2024-05-02 13:00:00,41,19.25,0,607.04303
2024-05-02 14:00:00,44,19.7,0,543.94092
2024-05-02 15:00:00,46,19.8,0,523.81628
2024-05-02 16:00:00,44,18.35,0,507.31351
2024-05-02 17:00:00,48,17.65,0,371.3775
2024-05-02 18:00:00,52,16.6,0,277.5553
2024-05-02 19:00:00,60,15.25,0,83.496803
2024-05-02 20:00:00,63,14.3,0,21.588181
2024-05-02 21:00:00,65,13.15,0,0
2024-05-02 22:00:00,69,12.25,0,0
2024-05-02 23:00:00,73,11.3,0,0
2024-05-03 00:00:00,76,10.55,0,0
2024-05-03 01:00:00,83,9.25,0,0
2024-05-03 02:00:00,86,8.8499999,0,0
2024-05-03 03:00:00,85,8.5,0,0
2024-05-03 04:00:00,84,7.9500003,0,0
2024-05-03 05:00:00,88,7.8500001,0,0
2024-05-03 06:00:00,89,7.6499999,0,39.81459
2024-05-03 07:00:00,76,9.6499996,0,169.87621
2024-05-03 08:00:00,70,11.55,0,289.46759
2024-05-03 09:00:00,63,13.1,0,416.7619
2024-05-03 10:00:00,56,15.2,0,530.51129
2024-05-03 11:00:00,52,17.05,0,622.69171
2024-05-03 12:00:00,48,18.55,0,685.47388
2024-05-03 13:00:00,47,19.45,0,700.271
2024-05-03 14:00:00,46,19.75,0,672.84637
2024-05-03 15:00:00,45,19.65,0,612.35138
2024-05-03 16:00:00,55,17.75,0,517.73499
2024-05-03 17:00:00,54,16.95,0,401.35431
2024-05-03 18:00:00,55,17.45,0,284.6344
2024-05-03 19:00:00,60,16.5,0,85.431374
2024-05-03 20:00:00,59,15.9,0,20.320789
2024-05-03 21:00:00,67,14.7,0,0
2024-05-03 22:00:00,72,12.9,0,0
2024-05-03 23:00:00,82,11.5,0,0
2024-05-04 00:00:00,87,9.8000002,0,0
2024-05-04 01:00:00,88,8.8499999,0,0
2024-05-04 02:00:00,92,8.1499999,0,0
2024-05-04 03:00:00,93,7.55,0,0
2024-05-04 04:00:00,91,7.1500001,0,0
2024-05-04 05:00:00,87,7.5,0,0
2024-05-04 06:00:00,70,9.0500002,0,39.855831
2024-05-04 07:00:00,69,11.6,0,181.88161
2024-05-04 08:00:00,64,13.65,0,309.3053
2024-05-04 09:00:00,54,15.15,0,436.6947
2024-05-04 10:00:00,46,16.9,0,553.05341
2024-05-04 11:00:00,43,18.45,0,644.36261
2024-05-04 12:00:00,39,20,0,708.34869
2024-05-04 13:00:00,40,19.6,0,724.80627
2024-05-04 14:00:00,38,19.5,0,703.34222
2024-05-04 15:00:00,42,19.5,0,644.74432
2024-05-04 16:00:00,39,19.3,0,551.65918
2024-05-04 17:00:00,40,19.2,0,432.17719
2024-05-04 18:00:00,47,18.25,0,308.65341
2024-05-04 19:00:00,53,16.45,0,80.936172
2024-05-04 20:00:00,56,14.7,0,15.63183
2024-05-04 21:00:00,56,13.45,0,0
2024-05-04 22:00:00,61,12.1,0,0
2024-05-04 23:00:00,66,10.95,0,0
2024-05-05 00:00:00,70,10.45,0,0
2024-05-05 01:00:00,71,9.8500004,0,0
2024-05-05 02:00:00,77,9.0499997,0,0
2024-05-05 03:00:00,70,8.9500003,0,0
2024-05-05 04:00:00,68,9.5499997,0,0
2024-05-05 05:00:00,70,9.0500002,0,0
2024-05-05 06:00:00,72,9.5,0,38.5844
2024-05-05 07:00:00,71,10.2,0,193.11301
2024-05-05 08:00:00,64,11.95,0,318.29919
2024-05-05 09:00:00,61,13.05,0,429.2843
2024-05-05 10:00:00,65,13.75,0,578.28052
2024-05-05 11:00:00,67,13.85,0,654.67712
2024-05-05 12:00:00,70,13.4,0,717.65527
2024-05-05 13:00:00,71,12.8,0,730.96252
2024-05-05 14:00:00,71,12.45,0,708.50409
2024-05-05 15:00:00,71,12.45,0,643.55798
2024-05-05 16:00:00,71,12.6,0,529.47412
2024-05-05 17:00:00,73,12.2,0,427.39441
2024-05-05 18:00:00,77,11.45,0,308.56061
2024-05-05 19:00:00,84,10.2,0,85.798592
2024-05-05 20:00:00,88,9.0499997,0,19.127819
2024-05-05 21:00:00,90,8.4000001,0,0
2024-05-05 22:00:00,93,7.5,0,0
2024-05-05 23:00:00,94,6.6499999,0,0
2024-05-06 00:00:00,95,6.05,0,0
2024-05-06 01:00:00,96,5.5999999,0,0
2024-05-06 02:00:00,96,4.8500001,0,0
2024-05-06 03:00:00,97,4.4499998,0,0
2024-05-06 04:00:00,97,5,0,0
2024-05-06 05:00:00,97,5.5999999,0,0
2024-05-06 06:00:00,97,5.8,0,17.2722
2024-05-06 07:00:00,97,5.8499999,0,51.024109
2024-05-06 08:00:00,97,6.1500001,0,110.1046
2024-05-06 09:00:00,97,6.8000002,0,252.9864
2024-05-06 10:00:00,88,7.8999999,0,502.63501
2024-05-06 11:00:00,78,10.2,0,646.68103
2024-05-06 12:00:00,74,11.7,0,705.69287
2024-05-06 13:00:00,72,12.65,0,723.25439
2024-05-06 14:00:00,67,13.75,0,697.54773
2024-05-06 15:00:00,66,14.3,0,634.48022
2024-05-06 16:00:00,70,13.8,0,542.33038
2024-05-06 17:00:00,75,12.65,0,424.5809
2024-05-06 18:00:00,81,11.05,0,307.92291
2024-05-06 19:00:00,87,9.3500004,0,88.644493
2024-05-06 20:00:00,91,8.0500002,0,24.63076
2024-05-06 21:00:00,94,7.2,0,2.464087
2024-05-06 22:00:00,96,6.9000001,0,0
2024-05-06 23:00:00,97,6.75,0,0
2024-05-07 00:00:00,97,6.8,0,0
2024-05-07 01:00:00,97,6.8,0,0
2024-05-07 02:00:00,98,6.8,0,0
2024-05-07 03:00:00,98,7,0,0
2024-05-07 04:00:00,98,7.1499999,0,0
2024-05-07 05:00:00,98,7.3499999,0,0
2024-05-07 06:00:00,98,7.5999999,0,11.62618
2024-05-07 07:00:00,97,7.8499999,0,13.2914
2024-05-07 08:00:00,97,8.05,0,18.32522
2024-05-07 09:00:00,97,8.3500004,0,29.24395
2024-05-07 10:00:00,96,9,0,87.16571
2024-05-07 11:00:00,93,9.5500002,0,140.5818
2024-05-07 12:00:00,94,9.8499999,0,74.763733
2024-05-07 13:00:00,94,9.8499999,0,69.037727
2024-05-07 14:00:00,94,10.15,0,127.4968
2024-05-07 15:00:00,93,10.35,0,145.60609
2024-05-07 16:00:00,94,10.2,0,68.767143
2024-05-07 17:00:00,95,9.9499998,0,73.91346
2024-05-07 18:00:00,93,10.3,0,69.725052
2024-05-07 19:00:00,93,10,0,53.889309
2024-05-07 20:00:00,95,9,0,9.4215469
2024-05-07 21:00:00,96,8.0500002,0,0
2024-05-07 22:00:00,97,7.6500001,0,0
2024-05-07 23:00:00,97,7.5,0,0
2024-05-08 00:00:00,96,7.2,0,0
2024-05-08 01:00:00,96,6.5999999,0,0
2024-05-08 02:00:00,97,6.2,0,0
2024-05-08 03:00:00,96,6.0999999,0,0
2024-05-08 04:00:00,96,5.95,0,0
2024-05-08 05:00:00,96,5.9000001,0,0
2024-05-08 06:00:00,96,6.2,0,25.63699
2024-05-08 07:00:00,95,6.6000001,0,65.807404
2024-05-08 08:00:00,88,7,0,173.8166
2024-05-08 09:00:00,84,7.8499999,0,220.3847
2024-05-08 10:00:00,83,8.2,0,149.67529
2024-05-08 11:00:00,80,8.6000001,0,268.89569
2024-05-08 12:00:00,75,9.25,0,298.25562
2024-05-08 13:00:00,72,10.3,0,547.41998
2024-05-08 14:00:00,67,11.4,0,597.44672
2024-05-08 15:00:00,66,11.45,0,504.11911
2024-05-08 16:00:00,66,11.25,0,448.73749
2024-05-08 17:00:00,72,10.55,0,284.34052
2024-05-08 18:00:00,75,8.6999998,0,72.25647
2024-05-08 19:00:00,75,7.8499999,0,40.137909
2024-05-08 20:00:00,77,7.4000001,0,27.715099
2024-05-08 21:00:00,83,7.1000001,0,4.4323421
2024-05-08 22:00:00,85,6.95,0,0
2024-05-08 23:00:00,85,6.95,0,0
2024-05-09 00:00:00,80,7.4000001,0,0
2024-05-09 01:00:00,87,7.8,0,0
2024-05-09 02:00:00,90,7.8500001,0,0
2024-05-09 03:00:00,82,8.25,0,0
2024-05-09 04:00:00,91,8.5,0,0
2024-05-09 05:00:00,92,8.3500004,0,0
2024-05-09 06:00:00,94,8.25,0,2.1625581
2024-05-09 07:00:00,92,8.5999999,0,24.48056
2024-05-09 08:00:00,82,9.4500003,0,48.219391
2024-05-09 09:00:00,92,9.8499999,0,68.468483
2024-05-09 10:00:00,90,9.5999999,0,80.274689
2024-05-09 11:00:00,92,10.05,0,103.0932
2024-05-09 12:00:00,93,10,0,100.9753
2024-05-09 13:00:00,94,9.4499998,0,129.3421
2024-05-09 14:00:00,92,8.45,0,74.627777
2024-05-09 15:00:00,91,7.5999999,0,104.1135
2024-05-09 16:00:00,91,7.25,0,102.1373
2024-05-09 17:00:00,92,6.8,0,49.723049
2024-05-09 18:00:00,87,6.6000001,0,62.549561
2024-05-09 19:00:00,89,6.7,0,89.30986
2024-05-09 20:00:00,92,6.2,0,51.868179
2024-05-09 21:00:00,94,5.1000001,0,12.95802
2024-05-09 22:00:00,95,3.9,0,0
2024-05-09 23:00:00,95,3.05,0,0
2024-05-10 00:00:00,96,2.7,0,0
2024-05-10 01:00:00,95,2.4,0,0
2024-05-10 02:00:00,96,2.1,0,0
2024-05-10 03:00:00,96,1.9,0,0
2024-05-10 04:00:00,96,1.65,0,0
2024-05-10 05:00:00,95,1.5,0,5.4173951
2024-05-10 06:00:00,86,2.7499999,0,44.900391
2024-05-10 07:00:00,67,5.0999999,0,223.7467
2024-05-10 08:00:00,65,7,0,315.14569
2024-05-10 09:00:00,59,8.5,0,468.31799
2024-05-10 10:00:00,57,9.6999998,0,459.1987
2024-05-10 11:00:00,57,10.45,0,412.67569
2024-05-10 12:00:00,60,10.5,0,370.42831
2024-05-10 13:00:00,58,10.1,0,377.0939
2024-05-10 14:00:00,62,9.6499996,0,261.3746
2024-05-10 15:00:00,62,9.5499997,0,205.95061
2024-05-10 16:00:00,60,9.75,0,250.0015
2024-05-10 17:00:00,65,9.9000001,0,177.392
2024-05-10 18:00:00,69,9.5499997,0,114.7906
2024-05-10 19:00:00,76,9.25,0,41.317249
2024-05-10 20:00:00,84,8.75,0,13.66107
2024-05-10 21:00:00,87,8.2500002,0,0
2024-05-10 22:00:00,88,7.8,0,0
2024-05-10 23:00:00,91,7.3999999,0,0
2024-05-11 00:00:00,90,7.1499999,0,0
2024-05-11 01:00:00,91,7.3,0,0
2024-05-11 02:00:00,92,7.45,0,0
2024-05-11 03:00:00,90,7.4000001,0,0
2024-05-11 04:00:00,90,7.6500001,0,0
2024-05-11 05:00:00,81,7.95,0,0
2024-05-11 06:00:00,87,8.7000003,0,12.65345
2024-05-11 07:00:00,90,8.5499997,0,11.17606
2024-05-11 08:00:00,86,8.9499998,0,39.77108
2024-05-11 09:00:00,90,9.5999999,0,86.556458
2024-05-11 10:00:00,83,10.5,0,201.24451
2024-05-11 11:00:00,76,12,0,213.0815
2024-05-11 12:00:00,71,12.95,0,204.709
2024-05-11 13:00:00,75,13.6,0,165.39931
2024-05-11 14:00:00,71,13.55,0,133.5473
2024-05-11 15:00:00,70,14.35,0,221.7914
2024-05-11 16:00:00,75,14.25,0,142.7421
2024-05-11 17:00:00,75,14.2,0,109.3975
2024-05-11 18:00:00,74,14.6,0,108.3663
2024-05-11 19:00:00,78,14.7,0,109.131
2024-05-11 20:00:00,79,13.95,0,24.38707
2024-05-11 21:00:00,75,13.1,0,5.676765
2024-05-11 22:00:00,78,12.6,0,0
2024-05-11 23:00:00,81,12,0,0
2024-05-12 00:00:00,82,11.3,0,0
2024-05-12 01:00:00,79,10.85,0,0
2024-05-12 02:00:00,79,10.85,0,0
2024-05-12 03:00:00,75,11.55,0,0
2024-05-12 04:00:00,75,12.1,0,0
2024-05-12 05:00:00,74,12.25,0,1.207106
2024-05-12 06:00:00,68,12.9,0,12.10007
2024-05-12 07:00:00,71,13.6,0,71.178307
2024-05-12 08:00:00,58,14.85,0,183.0177
2024-05-12 09:00:00,61,16.05,0,272.39941
2024-05-12 10:00:00,50,17.55,0,559.95258
2024-05-12 11:00:00,48,19,0,683.20221
2024-05-12 12:00:00,42,20.55,0,733.37378
2024-05-12 13:00:00,43,21.650001,0,714.18597
2024-05-12 14:00:00,41,21.599999,0,649.98828
2024-05-12 15:00:00,48,21.15,0,514.31769
2024-05-12 16:00:00,61,18.85,0,441.29581
2024-05-12 17:00:00,60,18.25,0,323.36569
2024-05-12 18:00:00,69,18.1,0,246.1255
2024-05-12 19:00:00,67,16.900001,0,114.092
2024-05-12 20:00:00,71,16.450001,0,60.320862
2024-05-12 21:00:00,71,15.7,0,13.12111
2024-05-12 22:00:00,75,14.65,0,0
2024-05-12 23:00:00,79,13.55,0,0
2024-05-13 00:00:00,65,13.5,0,0
2024-05-13 01:00:00,70,13.9,0,0
2024-05-13 02:00:00,82,12.45,0,0
2024-05-13 03:00:00,84,11,0,0
2024-05-13 04:00:00,82,10.6,0,0
2024-05-13 05:00:00,74,10.85,0,18.65733
2024-05-13 06:00:00,55,13.25,0,84.491982
2024-05-13 07:00:00,55,14.85,0,122.9936
2024-05-13 08:00:00,52,16.15,0,319.61981
2024-05-13 09:00:00,57,16.85,0,333.72589
2024-05-13 10:00:00,59,16.7,0,391.78021
2024-05-13 11:00:00,54,18.05,0,468.7886
2024-05-13 12:00:00,50,18.35,0,466.6676
2024-05-13 13:00:00,52,18.85,0,353.00531
2024-05-13 14:00:00,50,19.099999,0,368.48389
2024-05-13 15:00:00,48,19.849999,0,396.46121
2024-05-13 16:00:00,57,19.5,0,437.54611
2024-05-13 17:00:00,59,17.099999,0,334.98911
2024-05-13 18:00:00,56,16.849999,0,294.16129
2024-05-13 19:00:00,63,16.4,0,160.8006
2024-05-13 20:00:00,62,15.25,0,20.01161
2024-05-13 21:00:00,67,14.15,0,0.1341549
2024-05-13 22:00:00,68,13.15,0,0
2024-05-13 23:00:00,72,12.45,0,0
2024-05-14 00:00:00,74,11.45,0,0
2024-05-14 01:00:00,71,11.25,0,0
2024-05-14 02:00:00,57,11.75,0,0
2024-05-14 03:00:00,61,12.35,0,0
2024-05-14 04:00:00,54,12.6,0,0
2024-05-14 05:00:00,46,14.1,0,8.7574062
2024-05-14 06:00:00,43,15.1,0,28.153799
2024-05-14 07:00:00,47,14.5,0,31.926769
2024-05-14 08:00:00,43,15.599999,0,125.5724
2024-05-14 09:00:00,39,18.15,0,450.03629
2024-05-14 10:00:00,42,19.45,0,295.43439
2024-05-14 11:00:00,44,18.25,0,55.640228
2024-05-14 12:00:00,43,19.05,0,249.95
2024-05-14 13:00:00,42,21.099999,0,477.40771
2024-05-14 14:00:00,38,22.7,0,518.58911
2024-05-14 15:00:00,34,23.25,0,466.3201
2024-05-14 16:00:00,34,23.799999,0,464.57941
2024-05-14 17:00:00,39,23,0,197.617
2024-05-14 18:00:00,38,22.25,0,209.6582
2024-05-14 19:00:00,42,20.549999,0,114.9245
2024-05-14 20:00:00,55,18.849999,0,16.886101
2024-05-14 21:00:00,59,16.8,0,0.74438173
2024-05-14 22:00:00,64,14.8,0,0
2024-05-14 23:00:00,72,13.2,0,0
2024-05-15 00:00:00,69,12,0,0
2024-05-15 01:00:00,57,12.25,0,0
2024-05-15 02:00:00,53,12.6,0,0
2024-05-15 03:00:00,53,12.6,0,0
2024-05-15 04:00:00,49,12.65,0,0
2024-05-15 05:00:00,48,13.15,0,5.0369959
2024-05-15 06:00:00,41,14.55,0,32.35078
2024-05-15 07:00:00,38,16.45,0,248.3941
2024-05-15 08:00:00,35,17.9,0,379.26981
2024-05-15 09:00:00,35,19.4,0,515.28027
2024-05-15 10:00:00,35,20.75,0,627.85522
2024-05-15 11:00:00,33,21.849999,0,715.43451
2024-05-15 12:00:00,24,23.25,0,779.57849
2024-05-15 13:00:00,22,23.900001,0,788.06171
2024-05-15 14:00:00,23,24.5,0,781.46912
2024-05-15 15:00:00,25,23.5,0,718.03162
2024-05-15 16:00:00,28,22.349999,0,572.1015
2024-05-15 17:00:00,30,21.8,0,469.7485
2024-05-15 18:00:00,29,21,0,377.026
2024-05-15 19:00:00,38,19,0,143.5123
2024-05-15 20:00:00,41,17.25,0,26.95949
2024-05-15 21:00:00,44,16.2,0,4.584249
2024-05-15 22:00:00,49,15.2,0,0
2024-05-15 23:00:00,50,14.3,0,0
2024-05-16 00:00:00,57,13.65,0,0
2024-05-16 01:00:00,50,13.5,0,0
2024-05-16 02:00:00,49,13.7,0,0
2024-05-16 03:00:00,49,13.55,0,0
2024-05-16 04:00:00,47,13.65,0,0
2024-05-16 05:00:00,45,14.2,0,1.73984
2024-05-16 06:00:00,48,15.2,0,29.719749
2024-05-16 07:00:00,42,17.099999,0,258.98679
2024-05-16 08:00:00,39,18.5,0,354.34
2024-05-16 09:00:00,38,19.45,0,504.1084
2024-05-16 10:00:00,38,20.95,0,637.7569
2024-05-16 11:00:00,32,22.25,0,710.22809
2024-05-16 12:00:00,33,23.05,0,767.91333
2024-05-16 13:00:00,32,23.400001,0,779.22589
2024-05-16 14:00:00,35,24.05,0,755.44159
2024-05-16 15:00:00,31,24.05,0,693.73688
2024-05-16 16:00:00,30,23.35,0,598.21307
2024-05-16 17:00:00,36,22,0,478.2709
2024-05-16 18:00:00,36,21.25,0,353.23639
2024-05-16 19:00:00,43,19.099999,0,120.7439
2024-05-16 20:00:00,45,17.55,0,14.59985
2024-05-16 21:00:00,46,16.650001,0,2.591749
2024-05-16 22:00:00,50,15.6,0,0
2024-05-16 23:00:00,56,14.6,0,0
2024-05-17 00:00:00,58,13.85,0,0
2024-05-17 01:00:00,62,13.7,0,0
2024-05-17 02:00:00,62,13.7,0,0
2024-05-17 03:00:00,69,13.4,0,0
2024-05-17 04:00:00,63,13.05,0,0
2024-05-17 05:00:00,64,13.4,0,5.132843
2024-05-17 06:00:00,51,15.05,0,40.916111
2024-05-17 07:00:00,51,17.900001,0,244.7753
2024-05-17 08:00:00,54,18.3,0,356.3475
2024-05-17 09:00:00,46,19.25,0,497.55951
2024-05-17 10:00:00,38,21.2,0,634.10968
2024-05-17 11:00:00,29,22.45,0,712.34882
2024-05-17 12:00:00,31,22.95,0,842.38599
2024-05-17 13:00:00,34,22.849999,0,843.19458
2024-05-17 14:00:00,46,21.6,0,660.25482
2024-05-17 15:00:00,49,19.400001,0,289.64719
2024-05-17 16:00:00,54,18.35,0,152.202
2024-05-17 17:00:00,43,18.9,0,396.5433
2024-05-17 18:00:00,43,19.05,0,353.56631
2024-05-17 19:00:00,49,17.55,0,136.75729
2024-05-17 20:00:00,51,16.2,0,28.086861
2024-05-17 21:00:00,53,15.4,0,6.0983348
2024-05-17 22:00:00,57,14.3,0,0
2024-05-17 23:00:00,57,13.65,0,0
2024-05-18 00:00:00,61,13.35,0,0
2024-05-18 01:00:00,58,13.6,0,0
2024-05-18 02:00:00,56,14.15,0,0
2024-05-18 03:00:00,62,14,0,0
2024-05-18 04:00:00,60,13.9,0,0
2024-05-18 05:00:00,60,13.95,0,12.21724
2024-05-18 06:00:00,60,14.5,0,41.846432
2024-05-18 07:00:00,64,15.4,0,97.938011
2024-05-18 08:00:00,46,17.6,0,264.7327
2024-05-18 09:00:00,42,19.35,0,403.9043
2024-05-18 10:00:00,44,20,0,500.60471
2024-05-18 11:00:00,43,20.049999,0,594.55377
2024-05-18 12:00:00,41,20.65,0,675.85468
2024-05-18 13:00:00,43,20.05,0,522.77612
2024-05-18 14:00:00,76,17.65,0,522.39502
2024-05-18 15:00:00,85,13.65,0,302.58319
2024-05-18 16:00:00,89,11.7,0,49.137791
2024-05-18 17:00:00,93,11.15,0,32.073761
2024-05-18 18:00:00,93,11.05,0,28.48913
2024-05-18 19:00:00,93,10.85,0,2.902509
2024-05-18 20:00:00,95,10.45,0,0
2024-05-18 21:00:00,94,10.25,0,0
2024-05-18 22:00:00,94,9.9000001,0,0
2024-05-18 23:00:00,95,9.2000003,0,0
2024-05-19 00:00:00,95,8.5,0,0
2024-05-19 01:00:00,95,8,0,0
2024-05-19 02:00:00,96,7.5500002,0,0
2024-05-19 03:00:00,95,7.25,0,0
2024-05-19 04:00:00,96,7.0999999,0,0
2024-05-19 05:00:00,96,7.3499999,0,0.2886084
2024-05-19 06:00:00,95,7.75,0,44.937618
2024-05-19 07:00:00,90,8.4000001,0,105.3331
2024-05-19 08:00:00,84,8.8000002,0,109.6133
2024-05-19 09:00:00,87,8.9499998,0,193.3338
2024-05-19 10:00:00,86,9.2999997,0,237.78329
2024-05-19 11:00:00,77,10.15,0,309.41901
2024-05-19 12:00:00,73,10.55,0,410.16351
2024-05-19 13:00:00,62,11.25,0,675.54218
2024-05-19 14:00:00,66,11.3,0,602.13171
2024-05-19 15:00:00,62,10.95,0,360.01291
2024-05-19 16:00:00,62,10.4,0,505.19479
2024-05-19 17:00:00,63,10.3,0,428.31281
2024-05-19 18:00:00,66,9.1500001,0,364.80481
2024-05-19 19:00:00,69,7.8000002,0,142.85941
2024-05-19 20:00:00,75,6.95,0,27.8489
2024-05-19 21:00:00,80,6.2,0,13.28343
2024-05-19 22:00:00,87,5.4000001,0,0
2024-05-19 23:00:00,87,4.7,0,0
2024-05-20 00:00:00,88,4.45,0,0
2024-05-20 01:00:00,88,4.1500001,0,0
2024-05-20 02:00:00,89,3.95,0,0
2024-05-20 03:00:00,90,4.05,0,0
2024-05-20 04:00:00,90,4.0999999,0,0
2024-05-20 05:00:00,92,4.3,0,10.58824
2024-05-20 06:00:00,81,5.8499999,0,54.102409
2024-05-20 07:00:00,77,8,0,240.4359
2024-05-20 08:00:00,70,9.7999997,0,387.40021
2024-05-20 09:00:00,64,11.05,0,512.94818
2024-05-20 10:00:00,58,11.95,0,626.60742
2024-05-20 11:00:00,54,13.4,0,714.45471
2024-05-20 12:00:00,52,14.55,0,770.37238
2024-05-20 13:00:00,51,15.4,0,780.84088
2024-05-20 14:00:00,49,15.55,0,758.46832
2024-05-20 15:00:00,50,15.75,0,698.76019
2024-05-20 16:00:00,49,16,0,606.20148
2024-05-20 17:00:00,50,15.55,0,490.67569
2024-05-20 18:00:00,53,15.5,0,370.44519
2024-05-20 19:00:00,65,13.7,0,134.834
2024-05-20 20:00:00,68,12.35,0,14.37137
2024-05-20 21:00:00,71,11.65,0,4.1961908
2024-05-20 22:00:00,71,11,0,0
2024-05-20 23:00:00,73,10.6,0,0
2024-05-21 00:00:00,77,10.25,0,0
2024-05-21 01:00:00,66,10.95,0,0
2024-05-21 02:00:00,64,12.05,0,0
2024-05-21 03:00:00,58,12.25,0,0
2024-05-21 04:00:00,59,12.5,0,0
2024-05-21 05:00:00,56,12.5,0,4.371038
2024-05-21 06:00:00,48,14.15,0,26.603041
2024-05-21 07:00:00,45,16.2,0,263.0657
2024-05-21 08:00:00,42,18.05,0,388.01431
2024-05-21 09:00:00,46,19.65,0,512.88538
2024-05-21 10:00:00,39,20.95,0,618.78278
2024-05-21 11:00:00,40,21.549999,0,703.38562
2024-05-21 12:00:00,49,21.35,0,758.92712
2024-05-21 13:00:00,46,21.35,0,773.86108
2024-05-21 14:00:00,42,21.5,0,753.21942
2024-05-21 15:00:00,38,21.299999,0,693.04681
2024-05-21 16:00:00,40,21.45,0,603.15631
2024-05-21 17:00:00,44,20.8,0,486.28549
2024-05-21 18:00:00,44,20.25,0,362.99921
2024-05-21 19:00:00,55,18.349999,0,134.05009
2024-05-21 20:00:00,57,16.75,0,20.27005
2024-05-21 21:00:00,57,15.85,0,7.102273
2024-05-21 22:00:00,60,15.15,0,0
2024-05-21 23:00:00,60,14.55,0,0
2024-05-22 00:00:00,64,13.95,0,0
2024-05-22 01:00:00,67,14.05,0,0
2024-05-22 02:00:00,61,14.55,0,0
2024-05-22 03:00:00,58,15.4,0,0
2024-05-22 04:00:00,55,16.15,0,0
2024-05-22 05:00:00,54,16.6,0,17.38026
2024-05-22 06:00:00,50,17.35,0,51.578781
2024-05-22 07:00:00,46,18.6,0,257.60449
2024-05-22 08:00:00,44,20.05,0,386.30511
2024-05-22 09:00:00,42,21.400001,0,511.72461
2024-05-22 10:00:00,38,23,0,620.99402
2024-05-22 11:00:00,35,23.8,0,711.81592
2024-05-22 12:00:00,36,24.55,0,770.53821
2024-05-22 13:00:00,32,24.95,0,787.7572
2024-05-22 14:00:00,30,25,0,753.34808
2024-05-22 15:00:00,34,24.6,0,655.85669
2024-05-22 16:00:00,33,23.65,0,573.11798
2024-05-22 17:00:00,34,23.2,0,469.5401
2024-05-22 18:00:00,37,22.099999,0,352.24429
2024-05-22 19:00:00,48,20.2,0,132.9175
2024-05-22 20:00:00,52,18.45,0,48.759918
2024-05-22 21:00:00,53,17.5,0,16.91415
2024-05-22 22:00:00,52,17,0,0
2024-05-22 23:00:00,39,16.85,0,0
2024-05-23 00:00:00,32,18.35,0,0
2024-05-23 01:00:00,36,18.85,0,0
2024-05-23 02:00:00,36,18.35,0,0
2024-05-23 03:00:00,38,18.549999,0,0
2024-05-23 04:00:00,44,18.25,0,0
2024-05-23 05:00:00,45,17.349999,0,2.984406
2024-05-23 06:00:00,40,18.85,0,35.601601
2024-05-23 07:00:00,38,20.2,0,168.142
2024-05-23 08:00:00,39,21.7,0,339.6496
2024-05-23 09:00:00,37,22.8,0,483.72189
2024-05-23 10:00:00,37,23.95,0,631.43658
2024-05-23 11:00:00,34,23.799999,0,474.0195
2024-05-23 12:00:00,33,24.3,0,485.53711
2024-05-23 13:00:00,37,24.8,0,512.7453
2024-05-23 14:00:00,34,25.599999,0,817.79468
2024-05-23 15:00:00,32,26.1,0,764.02148
2024-05-23 16:00:00,34,25.45,0,605.3728
2024-05-23 17:00:00,36,23.95,0,492.61859
2024-05-23 18:00:00,38,22.799999,0,276.3851
2024-05-23 19:00:00,42,21.35,0,149.4127
2024-05-23 20:00:00,41,20.55,0,44.457748
2024-05-23 21:00:00,51,19.6,0,18.368771
2024-05-23 22:00:00,55,18.200001,0,0
2024-05-23 23:00:00,58,17.200001,0,0
2024-05-24 00:00:00,63,16.7,0,0
2024-05-24 01:00:00,71,16.2,0,0
2024-05-24 02:00:00,68,15.55,0,0
2024-05-24 03:00:00,77,14.05,0,0
2024-05-24 04:00:00,85,13.45,0,0
2024-05-24 05:00:00,86,13.05,0,13.48028
2024-05-24 06:00:00,79,14.05,0,50.94405
2024-05-24 07:00:00,64,16,0,126.9688
2024-05-24 08:00:00,73,16.75,0,128.7505
2024-05-24 09:00:00,76,17.05,0,141.3945
2024-05-24 10:00:00,69,18.05,0,301.04819
2024-05-24 11:00:00,63,19.25,0,359.0748
2024-05-24 12:00:00,66,19.4,0,261.57629
2024-05-24 13:00:00,69,19.65,0,376.38489
2024-05-24 14:00:00,62,19.200001,0,580.90338
2024-05-24 15:00:00,56,20.349999,0,667.56049
2024-05-24 16:00:00,58,19.650001,0,550.55432
2024-05-24 17:00:00,58,19.3,0,482.04971
2024-05-24 18:00:00,66,18.35,0,358.84351
2024-05-24 19:00:00,71,17.2,0,153.8985
2024-05-24 20:00:00,82,16,0,23.2528
2024-05-24 21:00:00,94,14.15,0,9.59231
2024-05-24 22:00:00,96,12.85,0,0
2024-05-24 23:00:00,96,12.55,0,0
2024-05-25 00:00:00,97,12.45,0,0
2024-05-25 01:00:00,96,12.15,0,0
2024-05-25 02:00:00,97,12,0,0
2024-05-25 03:00:00,97,11.85,0,0
2024-05-25 04:00:00,97,11.95,0,0
2024-05-25 05:00:00,97,12,0,4.6997061
2024-05-25 06:00:00,97,12.35,0,63.647179
2024-05-25 07:00:00,92,13,0,235.9045
2024-05-25 08:00:00,83,14.15,0,382.5567
2024-05-25 09:00:00,84,15.4,0,506.93231
2024-05-25 10:00:00,78,16.3,0,615.11603
2024-05-25 11:00:00,74,17.65,0,699.72729
2024-05-25 12:00:00,70,18.95,0,751.37488
2024-05-25 13:00:00,70,19.65,0,764.85529
2024-05-25 14:00:00,65,20.65,0,747.95428
2024-05-25 15:00:00,64,21.400001,0,689.27917
2024-05-25 16:00:00,62,21.6,0,599.73853
2024-05-25 17:00:00,60,21.849999,0,488.27859
2024-05-25 18:00:00,65,21.5,0,191.3463
2024-05-25 19:00:00,70,19.95,0,56.521042
2024-05-25 20:00:00,67,19.5,0,41.389961
2024-05-25 21:00:00,71,19.45,0,15.72788
2024-05-25 22:00:00,73,18.4,0,0
2024-05-25 23:00:00,76,17.599999,0,0
2024-05-26 00:00:00,78,18.1,0,0
2024-05-26 01:00:00,73,17.05,0,0
2024-05-26 02:00:00,71,16.95,0,0
2024-05-26 03:00:00,62,17.8,0,0
2024-05-26 04:00:00,57,18.349999,0,0
2024-05-26 05:00:00,55,18.75,0,9.4065351
2024-05-26 06:00:00,59,19.15,0,38.843491
2024-05-26 07:00:00,62,20.4,0,250.9511
2024-05-26 08:00:00,53,21.1,0,227.351
2024-05-26 09:00:00,45,22.95,0,407.45221
2024-05-26 10:00:00,42,24.9,0,620.06293
2024-05-26 11:00:00,37,25.900001,0,706.65228
2024-05-26 12:00:00,35,27.150001,0,777.20898
2024-05-26 13:00:00,31,27.45,0,755.86603
2024-05-26 14:00:00,29,28.05,0,760.20093
2024-05-26 15:00:00,28,28.599999,0,704.66443
2024-05-26 16:00:00,46,27.25,0,340.80359
2024-05-26 17:00:00,45,25,0,420.34579
2024-05-26 18:00:00,52,24.35,0,201.45061
2024-05-26 19:00:00,62,22.3,0,60.7173
2024-05-26 20:00:00,63,20.3,0,65.326462
2024-05-26 21:00:00,70,18.950001,0,23.27372
2024-05-26 22:00:00,75,17.650001,0,0
2024-05-26 23:00:00,75,16.900001,0,0
2024-05-27 00:00:00,72,16.5,0,0
2024-05-27 01:00:00,72,16.15,0,0
2024-05-27 02:00:00,63,16.35,0,0
2024-05-27 03:00:00,55,17.150001,0,0
2024-05-27 04:00:00,50,17.75,0,0
2024-05-27 05:00:00,53,18.3,0,11.75093
2024-05-27 06:00:00,55,18.35,0,32.958069
2024-05-27 07:00:00,57,18.65,0,54.811581
2024-05-27 08:00:00,53,19.35,0,152.3484
2024-05-27 09:00:00,46,21.5,0,515.3905
2024-05-27 10:00:00,50,21.849999,0,401.1066
2024-05-27 11:00:00,45,22.65,0,376.07111
2024-05-27 12:00:00,59,21.5,0,326.6958
2024-05-27 13:00:00,59,21.2,0,533.46429
2024-05-27 14:00:00,52,21.5,0,533.22083
2024-05-27 15:00:00,54,22,0,776.05621
2024-05-27 16:00:00,50,21.7,0,415.85559
2024-05-27 17:00:00,52,20.75,0,339.4314
2024-05-27 18:00:00,68,19.45,0,87.796677
2024-05-27 19:00:00,74,17.599999,0,45.470829
2024-05-27 20:00:00,76,16.45,0,21.444839
2024-05-27 21:00:00,78,15.9,0,6.417254
2024-05-27 22:00:00,85,15.5,0,0
2024-05-27 23:00:00,90,14.75,0,0
2024-05-28 00:00:00,92,13.9,0,0
2024-05-28 01:00:00,94,13.4,0,0
2024-05-28 02:00:00,95,13.35,0,0
2024-05-28 03:00:00,96,13.3,0,0
2024-05-28 04:00:00,96,13.2,0,0
2024-05-28 05:00:00,97,13.1,0,31.940889
2024-05-28 06:00:00,96,13.45,0,32.420879
2024-05-28 07:00:00,96,13.55,0,49.962341
2024-05-28 08:00:00,90,14.35,0,241.11411
2024-05-28 09:00:00,89,14.6,0,132.03439
2024-05-28 10:00:00,86,14.95,0,155.1071
2024-05-28 11:00:00,81,15.650001,0,291.65329
2024-05-28 12:00:00,78,17.35,0,532.41028
2024-05-28 13:00:00,75,16.05,0,338.54129
2024-05-28 14:00:00,77,15.95,0,336.97159
2024-05-28 15:00:00,77,15.9,0,382.32321
2024-05-28 16:00:00,75,15.8,0,329.73239
2024-05-28 17:00:00,79,15.05,0,156.1321
2024-05-28 18:00:00,80,14.3,0,64.032867
2024-05-28 19:00:00,78,14.15,0,76.680946
2024-05-28 20:00:00,79,14.1,0,51.998699
2024-05-28 21:00:00,87,13.55,0,11.87959
2024-05-28 22:00:00,89,13.1,0,0
2024-05-28 23:00:00,93,12.85,0,0
2024-05-29 00:00:00,95,12.65,0,0
2024-05-29 01:00:00,96,12.5,0,0
2024-05-29 02:00:00,96,12.35,0,0
2024-05-29 03:00:00,96,12.25,0,0
2024-05-29 04:00:00,96,12.15,0,0
2024-05-29 05:00:00,96,12.4,0,11.70223
2024-05-29 06:00:00,93,12.85,0,35.746368
2024-05-29 07:00:00,92,13.35,0,51.51025
2024-05-29 08:00:00,85,14.15,0,143.53709
2024-05-29 09:00:00,66,16.55,0,597.88422
2024-05-29 10:00:00,49,18.799999,0,713.97443
2024-05-29 11:00:00,47,19.4,0,814.31873
2024-05-29 12:00:00,49,18.4,0,561.04688
2024-05-29 13:00:00,47,19.049999,0,741.3728
2024-05-29 14:00:00,58,18.099999,0,410.21179
2024-05-29 15:00:00,56,16.900001,0,261.04309
2024-05-29 16:00:00,56,16.8,0,272.55219
2024-05-29 17:00:00,64,16.45,0,474.2648
2024-05-29 18:00:00,71,14.95,0,406.5127
2024-05-29 19:00:00,79,13.4,0,183.22861
2024-05-29 20:00:00,82,12.4,0,36.94828
2024-05-29 21:00:00,80,12.1,0,15.97177
2024-05-29 22:00:00,81,11.8,0,0
2024-05-29 23:00:00,85,11.3,0,0
2024-05-30 00:00:00,87,10.9,0,0
2024-05-30 01:00:00,90,10.35,0,0
2024-05-30 02:00:00,91,9.6999998,0,0
2024-05-30 03:00:00,93,9.4000001,0,0
2024-05-30 04:00:00,92,9.1500001,0,0
2024-05-30 05:00:00,92,9.3499999,0,11.83239
2024-05-30 06:00:00,85,10.65,0,36.328739
2024-05-30 07:00:00,80,12.15,0,146.3696
2024-05-30 08:00:00,68,14.1,0,409.31821
2024-05-30 09:00:00,68,15.45,0,499.83609
2024-05-30 10:00:00,72,16.15,0,563.71057
2024-05-30 11:00:00,75,15.25,0,353.24359
2024-05-30 12:00:00,79,14.25,0,177.6864
2024-05-30 13:00:00,71,15.45,0,480.04819
2024-05-30 14:00:00,72,16.2,0,453.34811
2024-05-30 15:00:00,72,15.45,0,249.1544
2024-05-30 16:00:00,74,15.35,0,267.37411
2024-05-30 17:00:00,71,15.45,0,345.97809
2024-05-30 18:00:00,75,15.4,0,321.01871
2024-05-30 19:00:00,80,14.7,0,160.4722
2024-05-30 20:00:00,85,13.4,0,47.467659
2024-05-30 21:00:00,85,12.9,0,28.77203
2024-05-30 22:00:00,87,12.55,0,0
2024-05-30 23:00:00,88,12.15,0,0
2024-05-31 00:00:00,89,11.9,0,0
2024-05-31 01:00:00,90,11.75,0,0
2024-05-31 02:00:00,90,12.05,0,0
2024-05-31 03:00:00,90,12.05,0,0
2024-05-31 04:00:00,90,11.95,0,0
2024-05-31 05:00:00,90,11.9,0,0
2024-05-31 06:00:00,91,11.95,0,0
2024-05-31 07:00:00,92,11.95,0,7.3389521
2024-05-31 08:00:00,91,12.1,0,30.44952
2024-05-31 09:00:00,88,12.3,0,74.421867
2024-05-31 10:00:00,87,12.3,0,63.158531
2024-05-31 11:00:00,83,12.45,0,98.901138
2024-05-31 12:00:00,82,12.8,0,135.45351
2024-05-31 13:00:00,80,13.5,0,269.73529
2024-05-31 14:00:00,76,14.2,0,286.71481
2024-05-31 15:00:00,69,14.85,0,321.41229
2024-05-31 16:00:00,71,15.05,0,272.517
2024-05-31 17:00:00,72,15.05,0,255.2383
2024-05-31 18:00:00,71,14.65,0,287.24939
2024-05-31 19:00:00,76,14.7,0,200.1846
2024-05-31 20:00:00,78,14.25,0,61.025711
2024-05-31 21:00:00,81,13.7,0,18.592331
2024-05-31 22:00:00,85,13.05,0,0
2024-05-31 23:00:00,87,12.6,0,0
2024-06-01 00:00:00,87,12.55,0,0