62.47119942,6.417417332,,,
Time,Discharge,Salinity,Temperature,Contaminant
2024-05-01 00:00:00,-0.637,0.02,3.861,0
2024-05-01 02:00:00,-0.637,0.02,3.862,0
2024-05-01 03:00:00,-0.637,0.02,3.888,0
2024-05-01 04:00:00,-0.637,0.02,3.892,0
2024-05-01 05:00:00,-0.637,0.02,3.932,0
2024-05-01 06:00:00,-0.637,0.02,4.026,0
2024-05-01 07:00:00,-0.637,0.02,3.999,0
2024-05-01 08:00:00,-0.637,0.02,3.968,0
2024-05-01 09:00:00,-0.637,0.02,3.875,0
2024-05-01 10:00:00,-0.637,0.02,3.909,0
2024-05-01 11:00:00,-0.637,0.02,3.87,0
2024-05-01 12:00:00,-0.637,0.02,3.872,0
2024-05-01 14:00:00,-0.637,0.02,3.893,0
2024-05-01 15:00:00,-0.637,0.02,3.926,0
2024-05-01 16:00:00,-0.637,0.02,3.979,0
2024-05-01 17:00:00,-0.637,0.02,3.971,0
2024-05-01 18:00:00,-0.637,0.02,3.911,0
2024-05-01 19:00:00,-0.637,0.02,4.029,0
2024-05-01 20:00:00,-0.637,0.02,3.883,0
2024-05-01 21:00:00,-0.637,0.02,3.91,0
2024-05-01 22:00:00,-0.637,0.02,3.898,0
2024-05-01 23:00:00,-0.637,0.02,3.89,0
2024-05-02 00:00:00,-0.637,0.02,3.867,0
2024-05-02 02:00:00,-0.637,0.02,3.886,0
2024-05-02 03:00:00,-0.637,0.02,3.888,0
2024-05-02 04:00:00,-0.637,0.02,3.86,0
2024-05-02 05:00:00,-0.637,0.02,3.881,0
2024-05-02 06:00:00,-0.637,0.02,3.88,0
2024-05-02 07:00:00,-0.637,0.02,3.948,0
2024-05-02 08:00:00,-0.637,0.02,3.925,0
2024-05-02 09:00:00,-0.637,0.02,3.889,0
2024-05-02 10:00:00,-0.637,0.02,3.882,0
2024-05-02 11:00:00,-0.637,0.02,3.913,0
2024-05-02 12:00:00,-0.637,0.02,3.865,0
2024-05-02 14:00:00,-0.637,0.02,4.134,0
2024-05-02 15:00:00,-0.637,0.02,3.928,0
2024-05-02 16:00:00,-0.637,0.02,4.27,0
2024-05-02 17:00:00,-0.637,0.02,4.113,0
2024-05-02 18:00:00,-0.637,0.02,4.491,0
2024-05-02 19:00:00,-0.637,0.02,4.365,0
2024-05-02 20:00:00,-0.637,0.02,4.327,0
2024-05-02 21:00:00,-0.637,0.02,4.37,0
2024-05-02 22:00:00,-0.637,0.02,4.821,0
2024-05-02 23:00:00,-0.637,0.02,4.886,0
2024-05-03 00:00:00,-0.637,0.02,4.751,0
2024-05-03 02:00:00,-0.637,0.02,4.75,0
2024-05-03 03:00:00,-0.637,0.02,4.663,0
2024-05-03 04:00:00,-0.637,0.02,4.608,0
2024-05-03 05:00:00,-0.637,0.02,4.562,0
2024-05-03 06:00:00,-0.637,0.02,4.569,0
2024-05-03 07:00:00,-0.637,0.02,4.54,0
2024-05-03 08:00:00,-0.637,0.02,4.607,0
2024-05-03 09:00:00,-0.637,0.02,4.709,0
2024-05-03 10:00:00,-0.637,0.02,4.688,0
2024-05-03 11:00:00,-0.637,0.02,4.652,0
2024-05-03 12:00:00,-0.637,0.02,4.643,0
2024-05-03 14:00:00,-0.637,0.02,4.685,0
2024-05-03 15:00:00,-0.637,0.02,4.636,0
2024-05-03 16:00:00,-0.637,0.02,4.693,0
2024-05-03 17:00:00,-0.637,0.02,4.936,0
2024-05-03 18:00:00,-0.637,0.02,5.225,0
2024-05-03 19:00:00,-0.637,0.02,4.67,0
2024-05-03 20:00:00,-0.637,0.02,4.628,0
2024-05-03 21:00:00,-0.637,0.02,4.817,0
2024-05-03 22:00:00,-0.637,0.02,4.933,0
2024-05-03 23:00:00,-0.637,0.02,4.785,0
2024-05-04 00:00:00,-0.637,0.02,4.775,0
2024-05-04 02:00:00,-0.637,0.02,4.769,0
2024-05-04 03:00:00,-0.637,0.02,4.978,0
2024-05-04 04:00:00,-0.637,0.02,5.095,0
2024-05-04 05:00:00,-0.637,0.02,5.103,0
2024-05-04 06:00:00,-0.637,0.02,4.363,0
2024-05-04 07:00:00,-0.637,0.02,4.469,0
2024-05-04 08:00:00,-0.637,0.02,4.553,0
2024-05-04 09:00:00,-0.637,0.02,4.436,0
2024-05-04 10:00:00,-0.637,0.02,4.734,0
2024-05-04 11:00:00,-0.637,0.02,5.298,0
2024-05-04 12:00:00,-0.637,0.02,5.359,0
2024-05-04 14:00:00,-0.637,0.02,5.266,0
2024-05-04 15:00:00,-0.637,0.02,5.46,0
2024-05-04 16:00:00,-0.637,0.02,6.547,0
2024-05-04 17:00:00,-0.637,0.02,6.526,0
2024-05-04 18:00:00,-0.637,0.02,6.491,0
2024-05-04 19:00:00,-0.637,0.02,6.563,0
2024-05-04 20:00:00,-0.637,0.02,6.872,0
2024-05-04 21:00:00,-0.637,0.02,6.969,0
2024-05-04 22:00:00,-0.637,0.02,7.176,0
2024-05-04 23:00:00,-0.637,0.02,6.803,0
2024-05-05 00:00:00,-0.637,0.02,6.405,0
2024-05-05 02:00:00,-0.637,0.02,6.246,0
2024-05-05 03:00:00,-0.637,0.02,6.209,0
2024-05-05 04:00:00,-0.637,0.02,6.002,0
2024-05-05 05:00:00,-0.637,0.02,5.789,0
2024-05-05 06:00:00,-0.637,0.02,5.734,0
2024-05-05 07:00:00,-0.637,0.02,5.791,0
2024-05-05 08:00:00,-0.637,0.02,5.787,0
2024-05-05 09:00:00,-0.637,0.02,6.383,0
2024-05-05 10:00:00,-0.637,0.02,6.472,0
2024-05-05 11:00:00,-0.637,0.02,6.095,0
2024-05-05 12:00:00,-0.637,0.02,5.945,0
2024-05-05 14:00:00,-0.637,0.02,5.911,0
2024-05-05 15:00:00,-0.637,0.02,5.472,0
2024-05-05 16:00:00,-0.637,0.02,5.14,0
2024-05-05 17:00:00,-0.637,0.02,6.049,0
2024-05-05 18:00:00,-0.637,0.02,5.981,0
2024-05-05 19:00:00,-0.637,0.02,5.918,0
2024-05-05 20:00:00,-0.637,0.02,5.371,0
2024-05-05 21:00:00,-0.637,0.02,5.539,0
2024-05-05 22:00:00,-0.637,0.02,5.149,0
2024-05-05 23:00:00,-0.637,0.02,5.185,0
2024-05-06 00:00:00,-0.637,0.02,5.647,0
2024-05-06 02:00:00,-0.637,0.02,5.607,0
2024-05-06 03:00:00,-0.637,0.02,5.406,0
2024-05-06 04:00:00,-0.637,0.02,5.134,0
2024-05-06 05:00:00,-0.637,0.02,5.228,0
2024-05-06 06:00:00,-0.637,0.02,5.179,0
2024-05-06 07:00:00,-0.637,0.02,5.152,0
2024-05-06 08:00:00,-0.637,0.02,4.995,0
2024-05-06 09:00:00,-0.637,0.02,4.913,0
2024-05-06 10:00:00,-0.637,0.02,4.864,0
2024-05-06 11:00:00,-0.637,0.02,4.999,0
2024-05-06 12:00:00,-0.637,0.02,5.226,0
2024-05-06 14:00:00,-0.637,0.02,5.418,0
2024-05-06 15:00:00,-0.637,0.02,4.91,0
2024-05-06 16:00:00,-0.637,0.02,5.117,0
2024-05-06 17:00:00,-0.637,0.02,5.77,0
2024-05-06 18:00:00,-0.637,0.02,5.633,0
2024-05-06 19:00:00,-0.637,0.02,5.694,0
2024-05-06 20:00:00,-0.637,0.02,5.597,0
2024-05-06 21:00:00,-0.637,0.02,5.654,0
2024-05-06 22:00:00,-0.637,0.02,5.562,0
2024-05-06 23:00:00,-0.637,0.02,5.439,0
2024-05-07 00:00:00,-0.637,0.02,5.431,0
2024-05-07 02:00:00,-0.637,0.02,5.364,0
2024-05-07 03:00:00,-0.637,0.02,5.307,0
2024-05-07 04:00:00,-0.637,0.02,5.306,0
2024-05-07 05:00:00,-0.637,0.02,5.321,0
2024-05-07 06:00:00,-0.637,0.02,5.208,0
2024-05-07 07:00:00,-0.637,0.02,5.428,0
2024-05-07 08:00:00,-0.637,0.02,5.317,0
2024-05-07 09:00:00,-0.637,0.02,5.171,0
2024-05-07 10:00:00,-0.637,0.02,4.997,0
2024-05-07 11:00:00,-0.637,0.02,5.221,0
2024-05-07 12:00:00,-0.637,0.02,5.31,0
2024-05-07 14:00:00,-0.637,0.02,5.072,0
2024-05-07 15:00:00,-0.637,0.02,5.563,0
2024-05-07 16:00:00,-0.637,0.02,5.542,0
2024-05-07 17:00:00,-0.637,0.02,5.323,0
2024-05-07 18:00:00,-0.637,0.02,5.293,0
2024-05-07 19:00:00,-0.637,0.02,5.215,0
2024-05-07 20:00:00,-0.637,0.02,5.069,0
2024-05-07 21:00:00,-0.637,0.02,5.129,0
2024-05-07 22:00:00,-0.637,0.02,5.043,0
2024-05-07 23:00:00,-0.637,0.02,5.932,0
2024-05-08 00:00:00,-0.637,0.02,5.8,0
2024-05-08 02:00:00,-0.637,0.02,7.188,0
2024-05-08 03:00:00,-0.637,0.02,6.874,0
2024-05-08 04:00:00,-0.637,0.02,7.2,0
2024-05-08 05:00:00,-0.637,0.02,7.232,0
2024-05-08 06:00:00,-0.637,0.02,7.031,0
2024-05-08 07:00:00,-0.637,0.02,6.959,0
2024-05-08 08:00:00,-0.637,0.02,6.611,0
2024-05-08 09:00:00,-0.637,0.02,6.638,0
2024-05-08 10:00:00,-0.637,0.02,6.963,0
2024-05-08 11:00:00,-0.637,0.02,5.89,0
2024-05-08 12:00:00,-0.637,0.02,7.042,0
2024-05-08 14:00:00,-0.637,0.02,6.832,0
2024-05-08 15:00:00,-0.637,0.02,6.866,0
2024-05-08 16:00:00,-0.637,0.02,7.061,0
2024-05-08 17:00:00,-0.637,0.02,7.208,0
2024-05-08 18:00:00,-0.637,0.02,7.705,0
2024-05-08 19:00:00,-0.637,0.02,7.409,0
2024-05-08 20:00:00,-0.637,0.02,7.386,0
2024-05-08 21:00:00,-0.637,0.02,7.362,0
2024-05-08 22:00:00,-0.637,0.02,7.389,0
2024-05-08 23:00:00,-0.637,0.02,7.2,0
2024-05-09 00:00:00,-0.637,0.02,7.084,0
2024-05-09 02:00:00,-0.637,0.02,7.05,0
2024-05-09 03:00:00,-0.637,0.02,7.043,0
2024-05-09 04:00:00,-0.637,0.02,7.079,0
2024-05-09 05:00:00,-0.637,0.02,7.119,0
2024-05-09 06:00:00,-0.637,0.02,7.142,0
2024-05-09 07:00:00,-0.637,0.02,7.125,0
2024-05-09 08:00:00,-0.637,0.02,7.087,0
2024-05-09 09:00:00,-0.637,0.02,7.047,0
2024-05-09 10:00:00,-0.637,0.02,7.111,0
2024-05-09 11:00:00,-0.637,0.02,7.385,0
2024-05-09 12:00:00,-0.637,0.02,6.864,0
2024-05-09 14:00:00,-0.637,0.02,6.599,0
2024-05-09 15:00:00,-0.637,0.02,6.498,0
2024-05-09 16:00:00,-0.637,0.02,6.424,0
2024-05-09 17:00:00,-0.637,0.02,6.393,0
2024-05-09 18:00:00,-0.637,0.02,6.218,0
2024-05-09 19:00:00,-0.637,0.02,6.392,0
2024-05-09 20:00:00,-0.637,0.02,6.469,0
2024-05-09 21:00:00,-0.637,0.02,6.232,0
2024-05-09 22:00:00,-0.637,0.02,5.986,0
2024-05-09 23:00:00,-0.637,0.02,5.88,0
2024-05-10 00:00:00,-0.637,0.02,6.374,0
2024-05-10 02:00:00,-0.637,0.02,6.312,0
2024-05-10 03:00:00,-0.637,0.02,6.308,0
2024-05-10 04:00:00,-0.637,0.02,6.094,0
2024-05-10 05:00:00,-0.637,0.02,6.124,0
2024-05-10 06:00:00,-0.637,0.02,5.989,0
2024-05-10 07:00:00,-0.637,0.02,6.172,0
2024-05-10 08:00:00,-0.637,0.02,6.212,0
2024-05-10 09:00:00,-0.637,0.02,6.245,0
2024-05-10 10:00:00,-0.637,0.02,6.29,0
2024-05-10 11:00:00,-0.637,0.02,6.408,0
2024-05-10 12:00:00,-0.637,0.02,6.241,0
2024-05-10 14:00:00,-0.637,0.02,6.308,0
2024-05-10 15:00:00,-0.637,0.02,6.519,0
2024-05-10 16:00:00,-0.637,0.02,6.866,0
2024-05-10 17:00:00,-0.637,0.02,7.031,0
2024-05-10 18:00:00,-0.637,0.02,7.226,0
2024-05-10 19:00:00,-0.637,0.02,6.996,0
2024-05-10 20:00:00,-0.637,0.02,7.115,0
2024-05-10 21:00:00,-0.637,0.02,7.094,0
2024-05-10 22:00:00,-0.637,0.02,7.103,0
2024-05-10 23:00:00,-0.637,0.02,7.065,0
2024-05-11 00:00:00,-0.637,0.02,7.08,0
2024-05-11 02:00:00,-0.637,0.02,6.702,0
2024-05-11 03:00:00,-0.637,0.02,6.446,0
2024-05-11 04:00:00,-0.637,0.02,6.643,0
2024-05-11 05:00:00,-0.637,0.02,6.521,0
2024-05-11 06:00:00,-0.637,0.02,6.771,0
2024-05-11 07:00:00,-0.637,0.02,7.064,0
2024-05-11 08:00:00,-0.637,0.02,6.737,0
2024-05-11 09:00:00,-0.637,0.02,6.867,0
2024-05-11 10:00:00,-0.637,0.02,7.18,0
2024-05-11 11:00:00,-0.637,0.02,7.519,0
2024-05-11 12:00:00,-0.637,0.02,7.241,0
2024-05-11 14:00:00,-0.637,0.02,7.477,0
2024-05-11 15:00:00,-0.637,0.02,7.29,0
2024-05-11 16:00:00,-0.637,0.02,7.21,0
2024-05-11 17:00:00,-0.637,0.02,7.502,0
2024-05-11 18:00:00,-0.637,0.02,7.507,0
2024-05-11 19:00:00,-0.637,0.02,7.363,0
2024-05-11 20:00:00,-0.637,0.02,7.245,0
2024-05-11 21:00:00,-0.637,0.02,7.53,0
2024-05-11 22:00:00,-0.637,0.02,7.632,0
2024-05-11 23:00:00,-0.637,0.02,7.832,0
2024-05-12 00:00:00,-0.637,0.02,7.829,0
2024-05-12 02:00:00,-0.637,0.02,7.645,0
2024-05-12 03:00:00,-0.637,0.02,7.618,0
2024-05-12 04:00:00,-0.637,0.02,7.893,0
2024-05-12 05:00:00,-0.637,0.02,7.244,0
2024-05-12 06:00:00,-0.637,0.02,7.256,0
2024-05-12 07:00:00,-0.637,0.02,7.003,0
2024-05-12 08:00:00,-0.637,0.02,7.253,0
2024-05-12 09:00:00,-0.637,0.02,7.411,0
2024-05-12 10:00:00,-0.637,0.02,7.29,0
2024-05-12 11:00:00,-0.637,0.02,7.123,0
2024-05-12 12:00:00,-0.637,0.02,7.252,0
2024-05-12 14:00:00,-0.637,0.02,7.405,0
2024-05-12 15:00:00,-0.637,0.02,7.202,0
2024-05-12 16:00:00,-0.637,0.02,7.319,0
2024-05-12 17:00:00,-0.637,0.02,8.065,0
2024-05-12 18:00:00,-0.637,0.02,8.032,0
2024-05-12 19:00:00,-0.637,0.02,7.86,0
2024-05-12 20:00:00,-0.637,0.02,7.701,0
2024-05-12 21:00:00,-0.637,0.02,7.797,0
2024-05-12 22:00:00,-0.637,0.02,7.576,0
2024-05-12 23:00:00,-0.637,0.02,7.975,0
2024-05-13 00:00:00,-0.637,0.02,8.155,0
2024-05-13 02:00:00,-0.637,0.02,8.244,0
2024-05-13 03:00:00,-0.637,0.02,8.294,0
2024-05-13 04:00:00,-0.637,0.02,8.246,0
2024-05-13 05:00:00,-0.637,0.02,8.079,0
2024-05-13 06:00:00,-0.637,0.02,7.518,0
2024-05-13 07:00:00,-0.637,0.02,7.428,0
2024-05-13 08:00:00,-0.637,0.02,7.526,0
2024-05-13 09:00:00,-0.637,0.02,7.562,0
2024-05-13 10:00:00,-0.637,0.02,7.633,0
2024-05-13 11:00:00,-0.637,0.02,7.889,0
2024-05-13 12:00:00,-0.637,0.02,7.774,0
2024-05-13 14:00:00,-0.637,0.02,7.88,0
2024-05-13 15:00:00,-0.637,0.02,6.947,0
2024-05-13 16:00:00,-0.637,0.02,6.961,0
2024-05-13 17:00:00,-0.637,0.02,7.584,0
2024-05-13 18:00:00,-0.637,0.02,8.389,0
2024-05-13 19:00:00,-0.637,0.02,9.383,0
2024-05-13 20:00:00,-0.637,0.02,9.857,0
2024-05-13 21:00:00,-0.637,0.02,9.284,0
2024-05-13 22:00:00,-0.637,0.02,8.544,0
2024-05-13 23:00:00,-0.637,0.02,8.386,0
2024-05-14 00:00:00,-0.637,0.02,8.976,0
2024-05-14 02:00:00,-0.637,0.02,8.258,0
2024-05-14 03:00:00,-0.637,0.02,8.333,0
2024-05-14 04:00:00,-0.637,0.02,7.954,0
2024-05-14 05:00:00,-0.637,0.02,7.266,0
2024-05-14 06:00:00,-0.637,0.02,8.36,0
2024-05-14 07:00:00,-0.637,0.02,7.062,0
2024-05-14 08:00:00,-0.637,0.02,7.141,0
2024-05-14 09:00:00,-0.637,0.02,6.68,0
2024-05-14 10:00:00,-0.637,0.02,9.737,0
2024-05-14 11:00:00,-0.637,0.02,9.828,0
2024-05-14 12:00:00,-0.637,0.02,8.801,0
2024-05-14 14:00:00,-0.637,0.02,8.886,0
2024-05-14 15:00:00,-0.637,0.02,8.566,0
2024-05-14 16:00:00,-0.637,0.02,8.135,0
2024-05-14 17:00:00,-0.637,0.02,7.466,0
2024-05-14 18:00:00,-0.637,0.02,6.942,0
2024-05-14 19:00:00,-0.637,0.02,7.556,0
2024-05-14 20:00:00,-0.637,0.02,7.06,0
2024-05-14 21:00:00,-0.637,0.02,7.863,0
2024-05-14 22:00:00,-0.637,0.02,9.655,0
2024-05-14 23:00:00,-0.637,0.02,9.757,0
2024-05-15 00:00:00,-0.637,0.02,8.863,0
2024-05-15 02:00:00,-0.637,0.02,8.874,0
2024-05-15 03:00:00,-0.637,0.02,9.012,0
2024-05-15 04:00:00,-0.637,0.02,8.922,0
2024-05-15 05:00:00,-0.637,0.02,8.616,0
2024-05-15 06:00:00,-0.637,0.02,8.589,0
2024-05-15 07:00:00,-0.637,0.02,8.73,0
2024-05-15 08:00:00,-0.637,0.02,8.752,0
2024-05-15 09:00:00,-0.637,0.02,9.213,0
2024-05-15 10:00:00,-0.637,0.02,9.414,0
2024-05-15 11:00:00,-0.637,0.02,9.044,0
2024-05-15 12:00:00,-0.637,0.02,9.295,0
2024-05-15 14:00:00,-0.637,0.02,9.613,0
2024-05-15 15:00:00,-0.637,0.02,8.994,0
2024-05-15 16:00:00,-0.637,0.02,9.344,0
2024-05-15 17:00:00,-0.637,0.02,9.417,0
2024-05-15 18:00:00,-0.637,0.02,9.556,0
2024-05-15 19:00:00,-0.637,0.02,10.995,0
2024-05-15 20:00:00,-0.637,0.02,9.622,0
2024-05-15 21:00:00,-0.637,0.02,8.62,0
2024-05-15 22:00:00,-0.637,0.02,8.835,0
2024-05-15 23:00:00,-0.637,0.02,10.135,0
2024-05-16 00:00:00,-0.637,0.02,8.668,0
2024-05-16 02:00:00,-0.637,0.02,8.841,0
2024-05-16 03:00:00,-0.637,0.02,8.301,0
2024-05-16 04:00:00,-0.637,0.02,9.337,0
2024-05-16 05:00:00,-0.637,0.02,7.501,0
2024-05-16 06:00:00,-0.637,0.02,7.175,0
2024-05-16 07:00:00,-0.637,0.02,10.086,0
2024-05-16 08:00:00,-0.637,0.02,10.07,0
2024-05-16 09:00:00,-0.637,0.02,9.959,0
2024-05-16 10:00:00,-0.637,0.02,9.722,0
2024-05-16 11:00:00,-0.637,0.02,10.469,0
2024-05-16 12:00:00,-0.637,0.02,9.795,0
2024-05-16 14:00:00,-0.637,0.02,9.707,0
2024-05-16 15:00:00,-0.637,0.02,9.767,0
2024-05-16 16:00:00,-0.637,0.02,9.853,0
2024-05-16 17:00:00,-0.637,0.02,10.352,0
2024-05-16 18:00:00,-0.637,0.02,10.198,0
2024-05-16 19:00:00,-0.637,0.02,9.338,0
2024-05-16 20:00:00,-0.637,0.02,10.141,0
2024-05-16 21:00:00,-0.637,0.02,10.018,0
2024-05-16 22:00:00,-0.637,0.02,10.82,0
2024-05-16 23:00:00,-0.637,0.02,10.93,0
2024-05-17 00:00:00,-0.637,0.02,10.343,0
2024-05-17 02:00:00,-0.637,0.02,10.634,0
2024-05-17 03:00:00,-0.637,0.02,10.321,0
2024-05-17 04:00:00,-0.637,0.02,9.714,0
2024-05-17 05:00:00,-0.637,0.02,9.601,0
2024-05-17 06:00:00,-0.637,0.02,9.519,0
2024-05-17 07:00:00,-0.637,0.02,9.511,0
2024-05-17 08:00:00,-0.637,0.02,9.968,0
2024-05-17 09:00:00,-0.637,0.02,9.151,0
2024-05-17 10:00:00,-0.637,0.02,10.014,0
2024-05-17 11:00:00,-0.637,0.02,9.469,0
2024-05-17 12:00:00,-0.637,0.02,9.625,0
2024-05-17 14:00:00,-0.637,0.02,10.352,0
2024-05-17 15:00:00,-0.637,0.02,11.628,0
2024-05-17 16:00:00,-0.637,0.02,11.984,0
2024-05-17 17:00:00,-0.637,0.02,11.38,0
2024-05-17 18:00:00,-0.637,0.02,10.098,0
2024-05-17 19:00:00,-0.637,0.02,10.259,0
2024-05-17 20:00:00,-0.637,0.02,9.989,0
2024-05-17 21:00:00,-0.637,0.02,10.896,0
2024-05-17 22:00:00,-0.637,0.02,11.013,0
2024-05-17 23:00:00,-0.637,0.02,9.944,0
2024-05-18 00:00:00,-0.637,0.02,9.493,0
2024-05-18 02:00:00,-0.637,0.02,9.614,0
2024-05-18 03:00:00,-0.637,0.02,9.486,0
2024-05-18 04:00:00,-0.637,0.02,9.844,0
2024-05-18 05:00:00,-0.637,0.02,9.717,0
2024-05-18 06:00:00,-0.637,0.02,9.946,0
2024-05-18 07:00:00,-0.637,0.02,10.191,0
2024-05-18 08:00:00,-0.637,0.02,10.66,0
2024-05-18 09:00:00,-0.637,0.02,10.135,0
2024-05-18 10:00:00,-0.637,0.02,11.09,0
2024-05-18 11:00:00,-0.637,0.02,13.081,0
2024-05-18 12:00:00,-0.637,0.02,12.032,0
2024-05-18 14:00:00,-0.637,0.02,10.352,0
2024-05-18 15:00:00,-0.637,0.02,10.848,0
2024-05-18 16:00:00,-0.637,0.02,10.574,0
2024-05-18 17:00:00,-0.637,0.02,9.805,0
2024-05-18 18:00:00,-0.637,0.02,8.899,0
2024-05-18 19:00:00,-0.637,0.02,8.693,0
2024-05-18 20:00:00,-0.637,0.02,8.455,0
2024-05-18 21:00:00,-0.637,0.02,8.662,0
2024-05-18 22:00:00,-0.637,0.02,8.105,0
2024-05-18 23:00:00,-0.637,0.02,8.901,0
2024-05-19 00:00:00,-0.637,0.02,8.234,0
2024-05-19 02:00:00,-0.637,0.02,8.829,0
2024-05-19 03:00:00,-0.637,0.02,8.788,0
2024-05-19 04:00:00,-0.637,0.02,9.44,0
2024-05-19 05:00:00,-0.637,0.02,9.298,0
2024-05-19 06:00:00,-0.637,0.02,9.226,0
2024-05-19 07:00:00,-0.637,0.02,10.125,0
2024-05-19 08:00:00,-0.637,0.02,10.402,0
2024-05-19 09:00:00,-0.637,0.02,10.186,0
2024-05-19 10:00:00,-0.637,0.02,9.849,0
2024-05-19 11:00:00,-0.637,0.02,9.736,0
2024-05-19 12:00:00,-0.637,0.02,9.725,0
2024-05-19 14:00:00,-0.637,0.02,11.135,0
2024-05-19 15:00:00,-0.637,0.02,10.441,0
2024-05-19 16:00:00,-0.637,0.02,10.898,0
2024-05-19 17:00:00,-0.637,0.02,11.953,0
2024-05-19 18:00:00,-0.637,0.02,12.083,0
2024-05-19 19:00:00,-0.637,0.02,12.138,0
2024-05-19 20:00:00,-0.637,0.02,12.26,0
2024-05-19 21:00:00,-0.637,0.02,12.446,0
2024-05-19 22:00:00,-0.637,0.02,10.437,0
2024-05-19 23:00:00,-0.637,0.02,10,0
2024-05-20 00:00:00,-0.637,0.02,10.496,0
2024-05-20 02:00:00,-0.637,0.02,9.159,0
2024-05-20 03:00:00,-0.637,0.02,10.758,0
2024-05-20 04:00:00,-0.637,0.02,10.923,0
2024-05-20 05:00:00,-0.637,0.02,11.51,0
2024-05-20 06:00:00,-0.637,0.02,11.318,0
2024-05-20 07:00:00,-0.637,0.02,11.194,0
2024-05-20 08:00:00,-0.637,0.02,11.189,0
2024-05-20 09:00:00,-0.637,0.02,11.147,0
2024-05-20 10:00:00,-0.637,0.02,11.12,0
2024-05-20 11:00:00,-0.637,0.02,11.107,0
2024-05-20 12:00:00,-0.637,0.02,11.233,0
2024-05-20 14:00:00,-0.637,0.02,11.371,0
2024-05-20 15:00:00,-0.637,0.02,11.572,0
2024-05-20 16:00:00,-0.637,0.02,11.718,0
2024-05-20 17:00:00,-0.637,0.02,11.615,0
2024-05-20 18:00:00,-0.637,0.02,11.459,0
2024-05-20 19:00:00,-0.637,0.02,10.91,0
2024-05-20 20:00:00,-0.637,0.02,11.016,0
2024-05-20 21:00:00,-0.637,0.02,10.985,0
2024-05-20 22:00:00,-0.637,0.02,10.896,0
2024-05-20 23:00:00,-0.637,0.02,11.872,0
2024-05-21 00:00:00,-0.637,0.02,10.683,0
2024-05-21 02:00:00,-0.637,0.02,11.021,0
2024-05-21 03:00:00,-0.637,0.02,11.129,0
2024-05-21 04:00:00,-0.637,0.02,11.19,0
2024-05-21 05:00:00,-0.637,0.02,11.322,0
2024-05-21 06:00:00,-0.637,0.02,11.462,0
2024-05-21 07:00:00,-0.637,0.02,11.103,0
2024-05-21 08:00:00,-0.637,0.02,11.321,0
2024-05-21 09:00:00,-0.637,0.02,11.51,0
2024-05-21 10:00:00,-0.637,0.02,11.317,0
2024-05-21 11:00:00,-0.637,0.02,11.306,0
2024-05-21 12:00:00,-0.637,0.02,11.564,0
2024-05-21 14:00:00,-0.637,0.02,11.592,0
2024-05-21 15:00:00,-0.637,0.02,11.649,0
2024-05-21 16:00:00,-0.637,0.02,12.706,0
2024-05-21 17:00:00,-0.637,0.02,12.692,0
2024-05-21 18:00:00,-0.637,0.02,11.812,0
2024-05-21 19:00:00,-0.637,0.02,11.579,0
2024-05-21 20:00:00,-0.637,0.02,12.231,0
2024-05-21 21:00:00,-0.637,0.02,12.673,0
2024-05-21 22:00:00,-0.637,0.02,12.832,0
2024-05-21 23:00:00,-0.637,0.02,11.925,0
2024-05-22 00:00:00,-0.637,0.02,11.742,0
2024-05-22 02:00:00,-0.637,0.02,11.554,0
2024-05-22 03:00:00,-0.637,0.02,11.495,0
2024-05-22 04:00:00,-0.637,0.02,11.506,0
2024-05-22 05:00:00,-0.637,0.02,11.661,0
2024-05-22 06:00:00,-0.637,0.02,12.159,0
2024-05-22 07:00:00,-0.637,0.02,12.177,0
2024-05-22 08:00:00,-0.637,0.02,12.387,0
2024-05-22 09:00:00,-0.637,0.02,12.811,0
2024-05-22 10:00:00,-0.637,0.02,13.301,0
2024-05-22 11:00:00,-0.637,0.02,13.563,0
2024-05-22 12:00:00,-0.637,0.02,12.146,0
2024-05-22 14:00:00,-0.637,0.02,12.103,0
2024-05-22 15:00:00,-0.637,0.02,11.852,0
2024-05-22 16:00:00,-0.637,0.02,12.19,0
2024-05-22 17:00:00,-0.637,0.02,12.879,0
2024-05-22 18:00:00,-0.637,0.02,13.254,0
2024-05-22 19:00:00,-0.637,0.02,12.389,0
2024-05-22 20:00:00,-0.637,0.02,12.538,0
2024-05-22 21:00:00,-0.637,0.02,11.341,0
2024-05-22 22:00:00,-0.637,0.02,12.637,0
2024-05-22 23:00:00,-0.637,0.02,13.424,0
2024-05-23 00:00:00,-0.637,0.02,12.614,0
2024-05-23 02:00:00,-0.637,0.02,12.802,0
2024-05-23 03:00:00,-0.637,0.02,13,0
2024-05-23 04:00:00,-0.637,0.02,13.512,0
2024-05-23 05:00:00,-0.637,0.02,12.213,0
2024-05-23 06:00:00,-0.637,0.02,12.696,0
2024-05-23 07:00:00,-0.637,0.02,12.666,0
2024-05-23 08:00:00,-0.637,0.02,12.573,0
2024-05-23 09:00:00,-0.637,0.02,12.545,0
2024-05-23 10:00:00,-0.637,0.02,12.284,0
2024-05-23 11:00:00,-0.637,0.02,11.207,0
2024-05-23 12:00:00,-0.637,0.02,11.481,0
2024-05-23 14:00:00,-0.637,0.02,11.918,0
2024-05-23 15:00:00,-0.637,0.02,13.654,0
2024-05-23 16:00:00,-0.637,0.02,14.724,0
2024-05-23 17:00:00,-0.637,0.02,13.019,0
2024-05-23 18:00:00,-0.637,0.02,13.391,0
2024-05-23 19:00:00,-0.637,0.02,14.814,0
2024-05-23 20:00:00,-0.637,0.02,15.092,0
2024-05-23 21:00:00,-0.637,0.02,12.178,0
2024-05-23 22:00:00,-0.637,0.02,12.745,0
2024-05-23 23:00:00,-0.637,0.02,13.205,0
2024-05-24 00:00:00,-0.637,0.02,14.027,0
2024-05-24 02:00:00,-0.637,0.02,14.541,0
2024-05-24 03:00:00,-0.637,0.02,14.528,0
2024-05-24 04:00:00,-0.637,0.02,14.663,0
2024-05-24 05:00:00,-0.637,0.02,14.339,0
2024-05-24 06:00:00,-0.637,0.02,14.644,0
2024-05-24 07:00:00,-0.637,0.02,14.597,0
2024-05-24 08:00:00,-0.637,0.02,14.664,0
2024-05-24 09:00:00,-0.637,0.02,14.385,0
2024-05-24 10:00:00,-0.637,0.02,14.909,0
2024-05-24 17:00:00,-0.637,0.02,15.121,0
2024-05-24 18:00:00,-0.637,0.02,14.802,0
2024-05-24 19:00:00,-0.637,0.02,14.84,0
2024-05-24 20:00:00,-0.637,0.02,15.877,0
2024-05-24 21:00:00,-0.637,0.02,15.239,0
2024-05-24 22:00:00,-0.637,0.02,15.094,0
2024-05-24 23:00:00,-0.637,0.02,14.516,0
2024-05-25 00:00:00,-0.637,0.02,13.327,0
2024-05-25 02:00:00,-0.637,0.02,14.383,0
2024-05-25 03:00:00,-0.637,0.02,14.657,0
2024-05-25 04:00:00,-0.637,0.02,15.311,0
2024-05-25 05:00:00,-0.637,0.02,15.198,0
2024-05-25 06:00:00,-0.637,0.02,14.805,0
2024-05-25 07:00:00,-0.637,0.02,15.002,0
2024-05-25 08:00:00,-0.637,0.02,14.992,0
2024-05-25 09:00:00,-0.637,0.02,15.201,0
2024-05-25 10:00:00,-0.637,0.02,15.4,0
2024-05-25 11:00:00,-0.637,0.02,15.444,0
2024-05-25 12:00:00,-0.637,0.02,15.578,0
2024-05-25 14:00:00,-0.637,0.02,16.078,0
2024-05-25 15:00:00,-0.637,0.02,15.956,0
2024-05-25 16:00:00,-0.637,0.02,14.093,0
2024-05-25 17:00:00,-0.637,0.02,12.893,0
2024-05-25 18:00:00,-0.637,0.02,13.121,0
2024-05-25 19:00:00,-0.637,0.02,13.32,0
2024-05-25 20:00:00,-0.637,0.02,13.855,0
2024-05-25 21:00:00,-0.637,0.02,14.222,0
2024-05-25 22:00:00,-0.637,0.02,14.459,0
2024-05-25 23:00:00,-0.637,0.02,13.367,0
2024-05-26 00:00:00,-0.637,0.02,13.197,0
2024-05-26 02:00:00,-0.637,0.02,13.321,0
2024-05-26 03:00:00,-0.637,0.02,15.126,0
2024-05-26 04:00:00,-0.637,0.02,13.877,0
2024-05-26 05:00:00,-0.637,0.02,16.085,0
2024-05-26 06:00:00,-0.637,0.02,16.513,0
2024-05-26 07:00:00,-0.637,0.02,14.621,0
2024-05-26 08:00:00,-0.637,0.02,15.524,0
2024-05-26 09:00:00,-0.637,0.02,16.1,0
2024-05-26 10:00:00,-0.637,0.02,14.771,0
2024-05-26 11:00:00,-0.637,0.02,14.355,0
2024-05-26 12:00:00,-0.637,0.02,15.198,0
2024-05-26 14:00:00,-0.637,0.02,15.445,0
2024-05-26 15:00:00,-0.637,0.02,14.589,0
2024-05-26 16:00:00,-0.637,0.02,15.852,0
2024-05-26 17:00:00,-0.637,0.02,14.338,0
2024-05-26 18:00:00,-0.637,0.02,15.688,0
2024-05-26 19:00:00,-0.637,0.02,15.044,0
2024-05-26 20:00:00,-0.637,0.02,15.021,0
2024-05-26 21:00:00,-0.637,0.02,14.721,0
2024-05-26 22:00:00,-0.637,0.02,14.819,0
2024-05-26 23:00:00,-0.637,0.02,15.335,0
2024-05-27 00:00:00,-0.637,0.02,14.425,0
2024-05-27 02:00:00,-0.637,0.02,14.047,0
2024-05-27 03:00:00,-0.637,0.02,13.511,0
2024-05-27 04:00:00,-0.637,0.02,13.809,0
2024-05-27 05:00:00,-0.637,0.02,14.015,0
2024-05-27 06:00:00,-0.637,0.02,15.078,0
2024-05-27 07:00:00,-0.637,0.02,15.504,0
2024-05-27 09:00:00,-0.637,0.02,13.683,0
2024-05-27 10:00:00,-0.637,0.02,14.964,0
2024-05-27 13:00:00,-0.637,0.02,17.432,0
2024-05-27 14:00:00,-0.637,0.02,16.39,0
2024-05-27 15:00:00,-0.637,0.02,17.1,0
2024-05-27 16:00:00,-0.637,0.02,16.909,0
2024-05-27 17:00:00,-0.637,0.02,15.945,0
2024-05-27 18:00:00,-0.637,0.02,16.3,0
2024-05-27 19:00:00,-0.637,0.02,16.211,0
2024-05-27 20:00:00,-0.637,0.02,16.17,0
2024-05-27 21:00:00,-0.637,0.02,16.306,0
2024-05-27 22:00:00,-0.637,0.02,16.827,0
2024-05-27 23:00:00,-0.637,0.02,16.849,0
2024-05-28 00:00:00,-0.637,0.02,16.573,0
2024-05-28 02:00:00,-0.637,0.02,16.693,0
2024-05-28 03:00:00,-0.637,0.02,14.381,0
2024-05-28 04:00:00,-0.637,0.02,16.152,0
2024-05-28 05:00:00,-0.637,0.02,16.454,0
2024-05-28 06:00:00,-0.637,0.02,14.55,0
2024-05-28 07:00:00,-0.637,0.02,16.046,0
2024-05-28 08:00:00,-0.637,0.02,16.482,0
2024-05-28 09:00:00,-0.637,0.02,16.924,0
2024-05-28 10:00:00,-0.637,0.02,16.982,0
2024-05-28 11:00:00,-0.637,0.02,17.026,0
2024-05-28 12:00:00,-0.637,0.02,17.033,0
2024-05-28 14:00:00,-0.637,0.02,17.217,0
2024-05-28 15:00:00,-0.637,0.02,17.027,0
2024-05-28 16:00:00,-0.637,0.02,17.21,0
2024-05-28 17:00:00,-0.637,0.02,17.141,0
2024-05-28 18:00:00,-0.637,0.02,16.893,0
2024-05-28 19:00:00,-0.637,0.02,16.808,0
2024-05-28 20:00:00,-0.637,0.02,16.891,0
2024-05-28 21:00:00,-0.637,0.02,16.617,0
2024-05-28 22:00:00,-0.637,0.02,16.349,0
2024-05-28 23:00:00,-0.637,0.02,15.658,0
2024-05-29 00:00:00,-0.637,0.02,16.758,0
2024-05-29 02:00:00,-0.637,0.02,16.001,0
2024-05-29 03:00:00,-0.637,0.02,15.962,0
2024-05-29 04:00:00,-0.637,0.02,15.449,0
2024-05-29 05:00:00,-0.637,0.02,14.881,0
2024-05-29 06:00:00,-0.637,0.02,15.246,0
2024-05-29 07:00:00,-0.637,0.02,15.94,0
2024-05-29 08:00:00,-0.637,0.02,15.798,0
2024-05-29 09:00:00,-0.637,0.02,16.526,0
2024-05-29 10:00:00,-0.637,0.02,16.58,0
2024-05-29 11:00:00,-0.637,0.02,16.789,0
2024-05-29 12:00:00,-0.637,0.02,16.629,0
2024-05-29 14:00:00,-0.637,0.02,16.373,0
2024-05-29 15:00:00,-0.637,0.02,16.497,0
2024-05-29 16:00:00,-0.637,0.02,15.4,0
2024-05-29 17:00:00,-0.637,0.02,15.318,0
2024-05-29 18:00:00,-0.637,0.02,14.583,0
2024-05-29 19:00:00,-0.637,0.02,14.409,0
2024-05-29 20:00:00,-0.637,0.02,13.379,0
2024-05-29 21:00:00,-0.637,0.02,14.262,0
2024-05-29 22:00:00,-0.637,0.02,13.765,0
2024-05-29 23:00:00,-0.637,0.02,14.2,0
2024-05-30 00:00:00,-0.637,0.02,14.629,0
2024-05-30 02:00:00,-0.637,0.02,14.933,0
2024-05-30 03:00:00,-0.637,0.02,15.367,0
2024-05-30 04:00:00,-0.637,0.02,15.463,0
2024-05-30 05:00:00,-0.637,0.02,15.866,0
2024-05-30 06:00:00,-0.637,0.02,15.757,0
2024-05-30 07:00:00,-0.637,0.02,14.111,0
2024-05-30 08:00:00,-0.637,0.02,13.605,0
2024-05-30 09:00:00,-0.637,0.02,15.566,0
2024-05-30 10:00:00,-0.637,0.02,15.363,0
2024-05-30 11:00:00,-0.637,0.02,15.282,0
2024-05-30 12:00:00,-0.637,0.02,15.226,0
2024-05-30 14:00:00,-0.637,0.02,15.682,0
2024-05-30 15:00:00,-0.637,0.02,15.107,0
2024-05-30 16:00:00,-0.637,0.02,14.574,0
2024-05-30 17:00:00,-0.637,0.02,14.646,0
2024-05-30 18:00:00,-0.637,0.02,14.912,0
2024-05-30 19:00:00,-0.637,0.02,15.312,0
2024-05-30 20:00:00,-0.637,0.02,14.763,0
2024-05-30 21:00:00,-0.637,0.02,15.29,0
2024-05-30 22:00:00,-0.637,0.02,14.864,0
2024-05-30 23:00:00,-0.637,0.02,14.907,0
2024-05-31 00:00:00,-0.637,0.02,14.126,0
2024-05-31 02:00:00,-0.637,0.02,15.48,0
2024-05-31 03:00:00,-0.637,0.02,15.733,0
2024-05-31 04:00:00,-0.637,0.02,14.279,0
2024-05-31 05:00:00,-0.637,0.02,14.867,0
2024-05-31 06:00:00,-0.637,0.02,15.424,0
2024-05-31 07:00:00,-0.637,0.02,15.422,0
2024-05-31 08:00:00,-0.637,0.02,15.497,0
2024-05-31 09:00:00,-0.637,0.02,15.617,0
2024-05-31 10:00:00,-0.637,0.02,15.62,0
2024-05-31 11:00:00,-0.637,0.02,15.562,0
2024-05-31 12:00:00,-0.637,0.02,15.549,0
2024-05-31 14:00:00,-0.637,0.02,15.508,0
2024-05-31 15:00:00,-0.637,0.02,15.483,0
2024-05-31 16:00:00,-0.637,0.02,15.496,0
2024-05-31 17:00:00,-0.637,0.02,15.516,0
2024-05-31 18:00:00,-0.637,0.02,15.552,0
2024-05-31 19:00:00,-0.637,0.02,15.579,0
2024-05-31 20:00:00,-0.637,0.02,15.841,0
2024-05-31 21:00:00,-0.637,0.02,15.788,0
2024-05-31 22:00:00,-0.637,0.02,15.755,0
2024-05-31 23:00:00,-0.637,0.02,15.736,0
2024-06-01 00:00:00,-0.637,0.02,15.7,0